Quantidade_Clusters, Indice_Rand_Ajustado
5, 0.4448503190862311
6, 0.5318420155107265
7, 0.3905510849429144
8, 0.48510141717860844
9, 0.46302422445167146
10, 0.5583255899756787
