Quantidade_Clusters, Indice_Rand_Ajustado
2, 0.968224200535676
3, 0.5909269318842711
4, 0.3785168029119662
5, 0.38414069866185363