Quantidade_Clusters, Indice_Rand_Ajustado
2, 0.0
3, 0.10840815188438788
4, 0.012984689441448465
5, 0.09174159337485155