Quantidade_Clusters, Indice_Rand_Ajustado
2, 0.0003149276827829834
3, 0.056513715943419605
4, 0.04667121027600923
5, 0.032140191264313715