Quantidade_Clusters, Indice_Rand_Ajustado
2, 0.0003603746454814425
3, 0.0003204143703386531
4, 0.00021654768083019703
5, 0.0001885990391275375