Quantidade_Clusters, Indice_Rand_Ajustado
2, 0.23369316412113603
3, 0.21717810714605335
4, 0.3379432474540488
5, 0.3185068426972179
